Start Time:,00:13:09,Link:,https://essd-jenkinsci-01.wdc.com/job/product-build-zuul/21287/
S.No.,Total Time Taken,Test Name,Test Time Taken
1,0:05:16,CodesceneDeltaAnalysis
2,0:05:16,Nv2_CompileAndLint
3,0:05:18,Product_Nvme_Linux_ClangFormatCheck_coffeebay_hp
4,0:05:18,Product_Nvme_Linux_ClangFormatCheck_sandybay
5,0:05:19,TechDebtMarkerCheck
6,0:05:20,fmhp_FMHP2LinuxClangTidyCheckMBL
7,0:05:20,fmhp_FMHP2LinuxMBLBuild
8,0:05:25,fmhp_FMHPPython2CompileAndLint
9,0:05:29,hti_HTIPython2CompileAndLint
10,0:05:29,pre_op_Python2CompileAndLint
11,0:05:30,Nv2_Python3CompileAndLint
12,0:05:58,Product_Python2CompileLintUnittest
13,0:06:10,Nvme_Linux_Release_coffeebay_hp_generate_only
14,0:06:12,fmhp_FMHP2LinuxBuildDebug
15,0:06:19,ftl_LinuxGenerateOnly
16,0:06:21,hal_FMHP2LinuxBuildDebug
17,0:06:46,hal_FMHP2LinuxBuild
18,0:07:02,Product_Python3CompileLintUnittest
19,0:07:03,common_Python2CompileLintAndTest
20,0:07:16,fmhp_FMHP2LinuxUnitTestBuildBiCS6x4
21,0:07:28,common_LinuxReleaseFE2PG4FMHP2UnitTest
22,0:07:36,hal_FE2PG4FMHPLinuxBuildDebug
23,0:07:37,nvme_Python2CompileAndLint
24,0:07:40,common_LinuxReleaseBiCS4x3UnitTest
25,0:07:40,fmhp_FMHP2LinuxNonStandaloneBuild
26,0:07:59,hal_FE2PG4FMHPLinuxBuild
27,0:08:10,ftl_LinuxRelease1FMSimBuild
28,0:08:16,fmhp_FMHP2LinuxUnitTestBuildBiCS6x3
29,0:08:27,fmhp_FMHP2LinuxUnitTestBuildBiCS5x3
30,0:08:35,hal_LinuxCmakeBuild
31,0:08:49,common_LinuxReleaseUnitTest
32,0:08:50,fmhp_FMHP2LinuxBuild
33,0:09:31,nvme_LinuxSpsBrfwBuild
34,0:09:34,common_LinuxDebugBiCS4x3UnitTest
35,0:10:07,fmhp_FMHP2BuildStandaloneSequences
36,0:10:12,ftl_LinuxDebug1FMSimBuild
37,0:10:14,ftl_LinuxReleaseSmall1FM16KLLPSimBuild
38,0:10:14,hal_FE3PG4FMHPLinuxBuildDebug
39,0:10:35,hal_Python2CompileAndLint
40,0:11:05,ftl_LinuxDebugFe2pg4Fmhp2BiCS6x336BitL2pBuild
41,0:11:15,ftl_LinuxDebugFE2PG4FMHP2BiCS5x3GCtagVeggiePlus
42,0:11:20,fmhp_FMHP2LinuxClangTidyCheckBiCS6X3
43,0:11:27,hal_FE3PG4FMHPLinuxBuild
44,0:11:54,fmhp_FMHP2WindowsMBLBuild
45,0:12:45,ftl_LinuxDebugFe2pg4Fmhp2BiCS6x436BitL2p64DieSDBuild'
46,0:12:56,ftl_LinuxReleaseFE2PG41920gB1FMSimBuild
47,0:12:56,ftl_LinuxReleaseFe2pg4Fmhp2BiCS6x4SimBuild
48,0:13:09,fmhp_FMHP2LinuxClangTidyCheckBiCS6X4
49,0:13:15,ftl_LinuxReleaseFe2pg4Fmhp2SmallSimBuild
50,0:13:38,fmhp_FMHP2LinuxClangTidyCheckBiCS5X3
51,0:14:29,ftl_LinuxDebug8KLLPFe2pg4Fmhp2BiCS6x4SimBuild
52,0:15:34,ftl_LinuxDebugFe2pg4Fmhp2SmallSimBuild
53,0:15:37,Nvme_Windows_Release_coffeebay_hp_generate_only
54,0:16:09,fmhp_FMHP2WindowsNonStandaloneBuild
55,0:16:19,ftl_LinuxRelease1FMBuild
56,0:16:26,fmhp_FMHP2WindowsUnitTestBuildBiCS6x3
57,0:16:35,fmhp_FMHP2WindowsBuild
58,0:16:40,fmhp_FMHP2LivetBuildBICS5X3_1024g_2p_1d_group10
59,0:16:44,fmhp_FMHP2WindowsUnitTestBuildBiCS6x3_VS_2019
60,0:16:49,fmhp_FMHP2LivetBuildBICS5X3_1024g_2p_1d_group6
61,0:17:01,ftl_LinuxDebugFe2pg4Fmhp2BiCS6x4SimBuild
62,0:17:09,ftl_LinuxDebugFe2pg4Fmhp2BiCS5x3GCtagBuild
63,0:17:33,ftl_LinuxDebugFe2pg4Fmhp2BiCS6x3SimBuild
64,0:17:41,ftl_LinuxReleaseFe3pg4Fmhp2BiCS6x4SimBuild
65,0:17:49,ftl_LinuxDebugFE2PG41FMBiCS5x3SimBuild
66,0:18:25,fmhp_FMHP2LivetBuildBICS6X3_1024g_4p_1d_group11
67,0:18:25,fmhp_FMHP2LivetBuildBICS6X3_1024g_4p_1d_group6
68,0:18:28,ftl_LinuxDebugFe2pg4Fmhp264DieSDBuild
69,0:18:50,fmhp_FMHP2WindowsUnitTestBuildBiCS5x3
70,0:19:49,fmhp_FMHP2WindowsBuildDebug
71,0:19:54,fmhp_FMHP2LivetBuildBICS6X3_1024g_4p_1d_group10
72,0:20:09,fmhp_FMHP2LivetBuildBICS6X4_1024g_4p_8d_group11
73,0:20:57,fmhp_FMHP2LivetBuildBICS5X3_1024g_2p_1d_group8
74,0:21:04,fmhp_FMHP2LivetBuildBICS5X3_1024g_2p_1d_group7
75,0:21:40,fmhp_FMHP2LivetBuildBICS6X4_1024g_4p_8d_group7
76,0:21:54,fmhp_FMHP2LivetBuildBICS6X4_1024g_4p_8d_group6
77,0:22:13,fmhp_FMHP2LivetBuildBICS6X3_1024g_4p_1d_group7
78,0:23:00,fmhp_FMHP2LivetBuildBICS6X4_1024g_4p_8d_group10
79,0:23:34,ftl_LinuxDebug16KLLPFe2pg4Fmhp2BiCS6x4SimBuild
80,0:23:56,Product_Nvme_Linux_ClangSyntaxCheck_sandybay
81,0:24:49,ftl_WindowsDebugFe2pg4Fmhp2Build
82,0:25:39,nvme_LinuxSimBuild
83,0:26:15,ftl_WindowsUltrasim16KLLPFe2pg4Fmhp2Bics6x3Build
84,0:26:36,fmhp_FMHP2LivetBuildBICS5X3_1024g_2p_1d_group9
85,0:26:41,Product_Nvme_Linux_ClangSyntaxCheck_coffeebay_hp
86,0:27:32,Nvme_Linux_Release_coffeebay_hp
87,0:27:40,fmhp_FMHP2LivetBuildBICS6X4_1024g_4p_8d_group2
88,0:27:44,Nvme_Linux_Release_sandybay_bics5
89,0:27:54,Nvme_Linux_Release_marinabayfe3_fpga
90,0:28:14,ftl_WindowsDebugUltrasimFe2pg4Fmhp2Bics6X4Build
91,0:28:47,Nvme_Linux_Release_marinabayfe3_fpga_ramdisk
92,0:29:10,fmhp_FMHP2LivetFVTCoffeebayBuild_2
93,0:29:18,Nvme_Linux_Release_coffeebay_hp_tmgr
94,0:29:42,Nvme_Linux_Release_coffeebay_hp_ocp2
95,0:30:29,fmhp_FMHP2LivetBuildBICS6X4_1024g_4p_8d_group9
96,0:30:31,Nvme_Linux_Release_coffeebay_hp_repackaged_oem_key_fake'
97,0:30:42,fmhp_FMHP2LivetBuildBICS6X3_1024g_4p_1d_group9
98,0:30:59,fmhp_FMHP2LivetBuildBICS5X3_1024g_2p_1d_group3
99,0:31:30,Nvme_Linux_Release_sandybay
100,0:31:50,ftl_WindowsDebugUltrasim16KLLPFe2pg4Fmhp2Bics6X4Build'
101,0:32:00,Nvme_Linux_Release_sandybay_lcb
102,0:32:19,hti_UltrasimplusBics6X3Build
103,0:32:20,Nvme_Linux_Release_coffeebay_hp_wbt
104,0:32:28,Nvme_Linux_Release_coffeebay_hp_prc
105,0:32:41,fmhp_FMHP2LivetBuildBICS6X4_1024g_4p_8d_group5
106,0:33:46,ftl_LinuxReleaseFE1FM36BitL2pBuild
107,0:33:47,Nvme_Linux_Release_sandybay_half_array
108,0:34:50,ftl_LinuxDebugSmall16KLLPBiCS6x3Build
109,0:36:16,ftl_LinuxDebugFe2pg4Fmhp2BiCS6x3UnitTestBuild
110,0:36:21,fmhp_FMHP2LivetBuildBICS5X3_1024g_2p_1d_group2
111,0:37:19,Nvme_Linux_Release_coffeebay_hp_post_ftl_ramdisk
112,0:37:30,ftl_WindowsDebugUltrasimFe2pg4Fmhp2BiCS6X3Build
113,0:37:52,fmhp_FMHP2LivetFVTCoffeebayBuild_1
114,0:38:27,ftl_LinuxDebug1FMBuild
115,0:40:03,ftl_Streams4LinuxDebugBuildSmall1FMBuild
116,0:40:49,fmhp_FMHP2LivetFVTMarinabayBuild_1
117,0:40:50,Nvme_Linux_Debug_sandybay_lcb
118,0:41:47,fmhp_FMHP2LivetBuildBICS6X3_1024g_4p_1d_group8
119,0:41:53,Nvme_Linux_Debug_sandybay_bics5
120,0:42:31,fmhp_FMHP2LivetBuildBICS6X3_1024g_4p_1d_group2
121,0:43:23,Nvme_Linux_Debug_sandybay
122,0:44:03,fmhp_FMHP2LivetBuildBICS6X3_1024g_4p_1d_group5
123,0:44:27,fmhp_FMHP2LivetBuildBICS5X3_1024g_2p_1d_group1
124,0:44:55,Nvme_Linux_Debug_coffeebay_hp
125,0:47:56,pre_op_WindowsDebugIFSBics6x3MarinabayTestGroup5
126,0:49:45,pre_op_WindowsDebugIFSBics6x3MarinabayTestGroup3
127,0:50:53,pre_op_WindowsDebugIFSBics6x3MarinabayTestGroup2
128,0:53:49,Product_Nvme_Linux_ClangTidyCheck_sandybay
129,0:54:40,pre_op_WindowsDebugIFSBics6x3MarinabayTestGroup1
130,0:54:43,Product_Nvme_Linux_ClangTidyCheck_coffeebay_hp
131,0:54:45,pre_op_WindowsDebugIFSBics6x3MarinabayTestGroup7
132,0:56:26,fmhp_FMHP2LivetBuildBICS6X4_1024g_4p_8d_group3
133,0:59:45,fmhp_FMHP2LivetBuildBICS5X3_1024g_2p_1d_group4
134,1:00:15,pre_op_WindowsDebugIFSBics6x3MarinabayTestGroup4
135,1:04:59,pre_op_WindowsDebugIFSBics6x3MarinabayTestGroup6
136,1:05:41,fmhp_FMHP2LivetBuildBICS6X4_1024g_4p_8d_group8
137,1:08:04,fmhp_FMHP2LivetBuildBICS6X3_1024g_4p_1d_group3
138,1:08:42,fmhp_FMHP2LivetBuildBICS6X4_1024g_4p_8d_group4
139,1:22:38,fmhp_FMHP2LivetBuildBICS5X3_1024g_2p_1d_group5
140,1:59:52,fmhp_FMHP2LivetBuildBICS6X3_1024g_4p_1d_group4
141,2:15:58,fmhp_FMHP2LivetBuildBICS6X4_1024g_4p_8d_group1
142,2:20:42,fmhp_FMHP2LivetBuildBICS6X3_1024g_4p_1d_group1
1,2:22:44,ftl_LinuxRelease1FMAtomicWritesOverlapWith4KSectors',0:01:10
2,2:22:44,ftl_LinuxRelease1FMAtomicWritesOverlapWith512BSectorsHead',0:01:10
3,2:22:44,ftl_LinuxRelease1FMAtomicWritesOverlapWith512BSectorsTail',0:01:10
4,2:22:45,ftl_LinuxReleaseSmall1FM16KLLPAtomicWritesNonOverlapWith4KSectors',0:01:11
5,2:22:45,ftl_LinuxReleaseSmall1FM16KLLPAtomicWritesOverlapWith4KSectorsTail',0:01:11
6,2:22:45,ftl_LinuxReleaseSmall1FM16KLLPAtomicWritesOverlapWith512BSectorsHead',0:01:11
7,2:22:54,ftl_LinuxDebugFe2pg4Fmhp2BiCS6x3HostsimTestSwc,0:01:20
8,2:22:57,ftl_LinuxRelease1FMAtomicWritesNonOverlapWith4KSectors',0:01:23
9,2:22:57,ftl_LinuxRelease1FMAtomicWritesNonOverlapWith512BSectors',0:01:23
10,2:22:57,ftl_LinuxRelease1FMRaid0Tests,0:01:23
11,2:22:57,ftl_LinuxReleaseSmall1FM16KLLPAtomicWritesNonOverlapWith512BSectors',0:01:23
12,2:23:01,ftl_FTLLinuxRelease1FMUnalignedHIMErrorInjectionTest',0:01:27
13,2:23:02,ftl_LinuxDebug16KLLPFe2pg4Fmhp2BiCS6x4HostsimTest2,0:01:28
14,2:23:02,ftl_LinuxDebug16KLLPFe2pg4Fmhp2BiCS6x4Recycler1,0:01:28
15,2:23:03,ftl_LinuxDebugFE2PG4CommonSimSmallFMHP2BiCS5x3HostsimTestGroup2',0:01:29
16,2:23:03,ftl_LinuxDebugFE2PG4CommonSimSmallFMHP2BiCS5x3HostsimTestGroup3',0:01:29
17,2:23:04,ftl_LinuxDebugFe2pg4Fmhp2BiCS6x3HostsimTestMisc1,0:01:30
18,2:23:08,ftl_LinuxReleaseSmall1FM16KLLPAtomicWritesOverlapWith4KSectorsHead',0:01:34
19,2:23:15,ftl_LinuxDebugFe2pg4Fmhp2BiCS6x3HostsimTestFormat,0:01:41
20,2:23:15,ftl_LinuxDebugFe2pg4Fmhp2BiCS6x3HostsimTestNamespace',0:01:41
21,2:23:18,ftl_LinuxDebugFe2pg4Fmhp2BiCS6x4SimTestGroup4,0:01:44
22,2:23:19,ftl_LinuxReleaseSmall1FM16KLLPAtomicWritesOverlapWith512BSectorsTail',0:01:45
23,2:23:23,ftl_LinuxDebug16KLLPFe2pg4Fmhp2BiCS6x4HostsimTest5,0:01:49
24,2:23:23,ftl_LinuxDebug16KLLPFe2pg4Fmhp2BiCS6x4Recycler3,0:01:49
25,2:23:23,ftl_LinuxDebug16KLLPFe2pg4Fmhp2BiCS6x4Recycler5,0:01:49
26,2:23:26,ftl_LinuxDebugFe2pg4Fmhp2BiCS6x3HostsimTestScram,0:01:52
27,2:23:28,ftl_LinuxFe2pg4Fmhp2BiCS6X4DescramAndLogFrameNBDSimTests',0:01:54
28,2:23:34,ftl_LinuxDebugFE2PG4CommonSimSmallFMHP2BiCS5x3HostsimTestGroup1',0:02:00
29,2:23:55,ftl_LinuxDebugFe2pg4Fmhp2BiCS6x3HostsimTestMisc2,0:02:21
30,2:23:57,ftl_LinuxDebugFe2pg4Fmhp2BiCS6x4Recycler4,0:02:23
31,2:24:05,ftl_LinuxDebugFe2pg4Fmhp2BiCS6x3HostsimTestRecycle,0:02:31
32,2:24:51,ftl_LinuxDebugFe2pg4Fmhp264DieSDHostsimTest,0:03:17
33,2:25:00,ftl_LinuxDebug16KLLPFe2pg4Fmhp2BiCS6x4HostsimTest3,0:03:26
34,2:25:10,ftl_LinuxDebugFE2PG4CommonSimSmallFMHP2BiCS5x3HostsimTestGroup4',0:03:36
35,2:25:18,ftl_LinuxDebug16KLLPFe2pg4Fmhp2BiCS6X4BathtubPfailSimTests',0:03:44
36,2:25:18,ftl_LinuxDebug16KLLPFe2pg4Fmhp2BiCS6x4HostsimTest6,0:03:44
37,2:25:19,ftl_LinuxDebug1FMPfailTest,0:03:45
38,2:25:19,ftl_LinuxDebug8KLLPFe2pg4Fmhp2BiCS6x4SimTestGroup1,0:03:45
39,2:25:19,ftl_LinuxDebugFE2PG4CommonSimSmallFMHP2BiCS5x3HostsimTestGroup5',0:03:45
40,2:25:46,ftl_LinuxDebugFe2pg4Fmhp2BiCS6x3Recycler2,0:04:12
41,2:26:03,ftl_LinuxDebugFe2pg4Fmhp2BiCS6x3HostsimTestIo1,0:04:29
42,2:26:14,ftl_LinuxDebugFe2pg4Fmhp2BiCS6x4SimTestGroup2,0:04:40
43,2:26:29,ftl_LinuxDebugFe2pg4Fmhp2BiCS6x3HostsimTestRecycle2',0:04:55
44,2:26:52,ftl_LinuxDebug16KLLPFe2pg4Fmhp2BiCS6x4OpenBlkReadErrInjMLpage',0:05:18
45,2:26:55,ftl_LinuxDebugFe2pg4Fmhp2BiCS6x4OpenBlkReadErrInjSlpage',0:05:21
46,2:27:17,ftl_LinuxDebug16KLLPFe2pg4Fmhp2BiCS6x4OpenBlkReadAfterPfailMLpage',0:05:43
47,2:27:19,ftl_LinuxDebugFe2pg4Fmhp2BiCS6x4RecyclePfail,0:05:45
48,2:27:44,ftl_LinuxDebugGCtagTest,0:06:10
49,2:30:36,ftl_LinuxFe2pg4Fmhp2BiCS6X4BathtubPfailSimTests,0:09:02
50,2:30:44,ftl_LinuxDebugFe2pg4Fmhp2BiCS6x4SeqIO,0:09:10
51,2:30:44,ftl_LinuxReleaseFe2pg4Fmhp2SmallSimTestGroup1,0:09:10
52,2:31:36,ftl_LinuxDebugFe2pg4Fmhp2BiCS6x4TestVPCBypass,0:10:02
53,2:32:42,ftl_LinuxDebugFe2pg4Fmhp2BiCS6x3BathtubIO,0:11:08
54,2:32:55,ftl_LinuxDebugFe2pg4Fmhp264DieSDRandomAlignedRdTest',0:11:21
55,2:33:03,ftl_LinuxDebugFe2pg4Fmhp264DieSDRandomAlignedWrTest',0:11:29
56,2:33:10,ftl_LinuxDebugFe2pg4Fmhp264DieSDRandomUnAlignedRdTest',0:11:36
57,2:33:32,ftl_LinuxDebugFe2pg4Fmhp2BiCS6x3ReyclerPfail,0:11:58
58,2:33:40,ftl_LinuxDebugFe2pg4Fmhp2BiCS6x4SeqWriteMixedWriteRead',0:12:06
59,2:34:00,ftl_LinuxDebugFe2pg4Fmhp2BiCS6x4OpenBlkReadAfterPfailSLpage',0:12:26
60,2:34:27,ftl_LinuxDebugFe2pg4Fmhp2BiCS6x4SeqWriteRandomRead,0:12:53
61,2:34:46,ftl_LinuxDebugFe2pg4Fmhp2BiCS6x436BitL2p64DieSDRandomAlignedWrTest',0:13:12
62,2:34:47,ftl_LinuxFe2pg4Fmhp2BiCS6X4SeqWriteReadsNBDSimTests',0:13:13
63,2:35:25,ftl_LinuxDebugFe2pg4Fmhp2BiCS6x436BitL2p64DieSDRandomAlignedRdTest',0:13:51
64,2:35:36,ftl_LinuxDebug16KLLPFe2pg4Fmhp2BiCS6x4SeqIO,0:14:02
65,2:36:05,ftl_WindowsUltrasim16KLLPFe2pg4Fmhp2Bics6x3UnalignedIO',0:14:31
66,2:36:25,ftl_LinuxDebug16KLLPFe2pg4Fmhp2Bics6x4RecyclePathPfailTest',0:14:51
67,2:36:39,ftl_LinuxDebugFe2pg4Fmhp2BiCS6x436BitL2p64DieSDRandomUnAlignedRdTest',0:15:05
68,2:36:39,ftl_LinuxDebugFe2pg4Fmhp2BiCS6x436BitL2pBiCS6x436BitL2p64DieSDRandomMixRWTest',0:15:05
69,2:37:53,ftl_LinuxDebug16KLLPFe2pg4Fmhp2Bics6x4RandomWriteTest',0:16:19
70,2:38:10,ftl_LinuxDebugFe2pg4Fmhp264DieSDPfailTests,0:16:36
71,2:38:40,ftl_LinuxFe2pg4Fmhp2Bics6x4RecyclePathPfailTest,0:17:06
72,2:38:41,ftl_WindowsDebugUltrasimDebugFe2pg4Fmhp2BiCS6x3RecyclerTests3',0:17:07
73,2:39:11,hti_WindowsUltrasimplusBics6x3L1TDDTest,0:17:37
74,2:39:11,ftl_LinuxDebugFe2pg4Fmhp2BiCS6x3BathtubPfail,0:17:37
75,2:39:28,ftl_WindowsDebugFe2pg4Fmhp2SmallSimTestGroup2,0:17:54
76,2:39:33,ftl_WindowsDebugFe2pg4Fmhp2SmallSimTestGroup3,0:17:59
77,2:40:08,ftl_LinuxDebugFe2pg4Fmhp2BiCS6x4Recycler2,0:18:34
78,2:41:09,ftl_WindowsDebugUltrasimDebugFe2pg4Fmhp2BiCS6x3RecyclerTests',0:19:35
79,2:41:21,ftl_WindowsUltrasimFe2pg4Fmhp2Bics6x4UnmapTestsGroup1',0:19:47
80,2:41:27,ftl_LinuxDebugFe2pg4Fmhp2BiCS6x3SeqIO,0:19:53
81,2:42:02,ftl_WindowsDebugUltrasimFe2pg4Fmhp2BiCS6x3HostsimTestFormat',0:20:28
82,2:42:22,ftl_WindowsUltrasimFE2PG4CommonSimSmallFMHP2BiCS6x4HostsimTest3',0:20:48
83,2:42:34,ftl_WindowsDebugUltrasimFe2pg4Fmhp2BiCS6x3HostsimTestSwc',0:21:00
84,2:42:58,ftl_WindowsDebugFe2pg4Fmhp2SmallSimTestGroup1,0:21:24
85,2:43:41,ftl_WindowsDebugFe2pg4Fmhp2SmallSimTestGroup5,0:22:07
86,2:44:34,ftl_LinuxDebugFe2pg4Fmhp2BiCS6x336BitL2pSimTest,0:23:00
87,2:44:54,ftl_WindowsDebugFe2pg4Fmhp2SmallSimTestGroup4,0:23:20
88,2:46:50,ftl_WindowsDebugUltrasimFe2pg4Fmhp2BiCS6x3HostsimTestScram',0:25:16
89,2:47:22,ftl_LinuxDebugFe2pg4Fmhp2BiCS6x3BasicPfail,0:25:48
90,2:47:32,ftl_WindowsUltrasim16KLLPFe2pg4Fmhp2Bics6x4UnmapTestsGroup2',0:25:58
91,2:48:18,ftl_WindowsDebugUltrasimFe2pg4Fmhp2BiCS6x3HostsimTestNamespace',0:26:44
92,2:48:39,ftl_WindowsUltrasim16KLLPFe2pg4Fmhp2Bics6x4UnmapTestsGroup1',0:27:05
93,2:49:01,ftl_WindowsUltrasimFe2pg4Fmhp2BiCS6x4MLCFReadAfterPfailMlpage',0:27:27
94,2:49:19,ftl_WindowsDebugUltrasimFe2pg4Fmhp2BiCS6x3HostsimTestMisc1',0:27:45
95,2:49:19,ftl_WindowsDebugUltrasimFe2pg4Fmhp2BiCS6x3HostsimTestRecycle',0:27:45
96,2:49:33,ftl_WindowsUltrasimFe2pg4Fmhp2Bics6x4UnmapTestsGroup2',0:27:59
97,2:49:38,ftl_WindowsDebugUltrasimFe2pg4Fmhp2BiCS6x3HostsimTestMisc2',0:28:04
98,2:49:39,ftl_LinuxDebugFe2pg4Fmhp2BiCS6x436BitL2p64DieSDSimTest',0:28:05
99,2:51:28,ftl_WindowsUltrasimDebug16KLLPFe2pg4Fmhp2BiCS6x4MLCFReadAfterPfailSlpage',0:29:54
100,2:52:36,ftl_LinuxDebugFe2pg4Fmhp2BiCS6x3Recycler1,0:31:02
101,2:52:50,ftl_LinuxDebugFe2pg4Fmhp264DieSDSeqAlignedWrTest,0:31:16
102,2:52:57,ftl_LinuxDebugFe2pg4Fmhp2BiCS6x436BitL2p64DieSDSeqAlignedWrTest',0:31:23
103,2:53:14,ftl_LinuxDebugFe2pg4Fmhp264DieSDSeqAlignedRdTest,0:31:40
104,2:53:28,ftl_LinuxDebugFe2pg4Fmhp264DieSDRandomMixRWTest,0:31:54
105,2:53:34,ftl_WindowsUltrasimDebug16KLLPFe2pg4Fmhp2BiCS6x4MLCFReadTest',0:32:00
106,2:53:36,ftl_WindowsUltrasimFE2PG4CommonSimSmallFMHP2BiCS6x4HostsimTest1',0:32:02
107,2:53:52,ftl_WindowsUltrasimDebug16KLLPFe2pg4Fmhp2BiCS6x4MLCFRandomRead',0:32:18
108,2:53:56,ftl_WindowsDebugUltrasimFe2pg4Fmhp2BiCS6x3HostsimTestRecycle2',0:32:22
109,2:55:15,ftl_LinuxDebugFe2pg4Fmhp2BiCS6x436BitL2p64DieSDSeqAlignedRdTest',0:33:41
110,2:55:43,ftl_WindowsUltrasimFe2pg4Fmhp2Bics6x4SeqUnalignedWrTest',0:34:09
111,2:55:57,ftl_WindowsDebugUltrasimDebugFe2pg4Fmhp2BiCS6x3BathtubPfail3',0:34:23
112,2:56:37,ftl_WindowsDebugUltrasimDebugFe2pg4Fmhp2BiCS6x3BathtubPfail2',0:35:03
113,2:57:11,ftl_WindowsUltrasimDebug16KLLPFe2pg4Fmhp2BiCS6x4MLCFMixedWriteReadTest',0:35:37
114,2:59:51,ftl_WindowsDebugUltrasimFe2pg4Fmhp2BiCS6x3HostsimTestIo1',0:38:17
115,3:04:05,ftl_WindowsDebugUltrasimDebugFe2pg4Fmhp2BiCS6x3BathtubIoTests',0:42:31
116,3:04:12,ftl_WindowsUltrasimDebug16KLLPFe2pg4Fmhp2BiCS6X4BathtubPfailSimTests_4096ss',0:42:38
117,3:04:33,ftl_WindowsDebugUltrasimDebugFe2pg4Fmhp2BiCS6x3BathtubPfail',0:42:59
118,3:04:58,ftl_WindowsUltrasim16KLLPFe2pg4Fmhp2BiCS6x4HostsimTest5',0:43:24
119,3:05:03,ftl_WindowsUltrasimDebugFe2pg4Fmhp2BiCS6X3BathtubPfailSimTests_512ss',0:43:29
120,3:05:07,ftl_WindowsDebugUltrasimDebugFe2pg4Fmhp2BiCS6x3RecyclerTests2',0:43:33
121,3:06:52,ftl_WindowsDebugUltrasimDebugFe2pg4Fmhp2BiCS6x3IOTests3',0:45:18
122,3:11:40,ftl_WindowsDebugUltrasimDebugFe2pg4Fmhp2BiCS6x3IOTests2',0:50:06
123,3:13:25,ftl_WindowsDebugUltrasimDebugFe2pg4Fmhp2BiCS6x3RecyclerPfail',0:51:51
124,3:13:57,ftl_WindowsDebugUltrasimDebugFe2pg4Fmhp2BiCS6x3IOTests',0:52:23
125,3:15:33,ftl_WindowsDebugUltrasimDebugFe2pg4Fmhp2BiCS6x3BasicPfailTests2',0:53:59
126,3:23:21,ftl_WindowsDebugUltrasimDebugFe2pg4Fmhp2BiCS6x3BasicPfailTests',1:01:47
